;SMCA;QDMDC;PCPDMC (Low);PCPDMC (Medium);PCPDMC (High);MCPDMC (Low,WAVG);MCPDMC (Medium,WAVG);MCPDMC (High,WAVG);MCPDMC (Low,SWITCH);MCPDMC (Medium,SWITCH);MCPDMC (High,SWITCH);FCN-L-SMCA;FCN-M-SMCA;FCN-S-SMCA;LSTM-L-SMCA;LSTM-M-SMCA;LSTM-S-SMCA;GRU-L-SMCA;GRU-M-SMCA;GRU-S-SMCA;FCN-L-QDMDC;FCN-M-QDMDC;FCN-S-QDMDC;LSTM-L-QDMDC;LSTM-M-QDMDC;LSTM-S-QDMDC;GRU-L-QDMDC;GRU-M-QDMDC;GRU-S-QDMDC;FCN-L-PCPDMC (Low);FCN-M-PCPDMC (Low);FCN-S-PCPDMC (Low);FCN-L-PCPDMC (Medium);FCN-M-PCPDMC (Medium);FCN-S-PCPDMC (Medium);FCN-L-PCPDMC (High);FCN-M-PCPDMC (High);FCN-S-PCPDMC (High);LSTM-L-PCPDMC (Low);LSTM-M-PCPDMC (Low);LSTM-S-PCPDMC (Low);LSTM-L-PCPDMC (Medium);LSTM-M-PCPDMC (Medium);LSTM-S-PCPDMC (Medium);LSTM-L-PCPDMC (High);LSTM-M-PCPDMC (High);LSTM-S-PCPDMC (High);GRU-L-PCPDMC (Low);GRU-M-PCPDMC (Low);GRU-S-PCPDMC (Low);GRU-L-PCPDMC (Medium);GRU-M-PCPDMC (Medium);GRU-S-PCPDMC (Medium);GRU-L-PCPDMC (High);GRU-M-PCPDMC (High);GRU-S-PCPDMC (High)
SMCA;;1.6134411111979486e-05;0.7226722968279018;0.5946502821557431;0.2398688146088758;0.0040099744323281025;2.800007633452978e-05;6.783184239549131e-18;0.00010345553153797877;7.06003891808093e-07;3.2138579704085604e-19;5.130688231206153e-07;1.3439147950262075e-09;5.8118195031994516e-05;7.694500777207885e-32;7.602300859023731e-25;9.645506568687368e-56;1.9027409874854917e-28;9.097544351697296e-32;4.171445175822752e-50;4.411497663656421e-24;2.3832439291931907e-25;1.3879038250822091e-33;3.580690940029998e-44;8.757953269647754e-51;2.7512541487456946e-41;1.8186430828422116e-47;8.562439195680249e-48;1.0266399242516541e-60;4.217009235867169e-15;3.7996721866933294e-15;6.716209023102282e-20;6.734590739619996e-16;2.7750482760443403e-16;2.970013012751178e-20;3.2961574102220955e-28;1.6158321325479014e-28;2.6870836432560134e-36;5.668741008625529e-29;3.6896279697155223e-29;1.412196877115975e-39;3.756649116795436e-26;2.2408624753710393e-27;1.641953870486914e-43;1.6310020197545653e-40;1.2591263120600204e-49;4.891965481926216e-69;1.3336410725123687e-30;1.9899597248926828e-33;4.967425310589006e-35;8.15102842473205e-29;1.0195439907042264e-31;1.0890110458208773e-38;1.184996572131899e-42;1.0539449099077803e-47;1.4780528324706667e-63
QDMDC;1.6134411111979486e-05;;1.8290559520307327e-05;1.8714624662796862e-05;0.024694042000822928;0.22053134592743046;0.9083805805620238;5.149880821001215e-07;0.7611168490314648;0.5188612095749632;1.2723181595184113e-07;0.05133139356668261;0.002708555148402955;0.5007682275518333;1.3201821580153775e-19;6.812325531047108e-14;4.468240255979333e-40;3.244907242461934e-17;1.0428833263121923e-19;3.148668918259755e-35;7.55771450695828e-15;1.2629209375883373e-15;7.340202819255592e-23;2.7713338222516004e-33;1.1392376348964312e-37;5.140644996413359e-38;1.9028548838543226e-35;6.879260533899654e-36;3.0229113108052033e-50;4.0776865271504974e-07;5.871080467749319e-07;5.991118129947899e-10;1.1180653134918685e-07;4.9812444390127605e-08;2.2794390381862901e-10;5.537568601933129e-17;1.674805587220842e-17;3.2897849721127816e-24;2.5099808546312765e-16;1.2417051311481566e-17;3.448553132476013e-25;4.5666850237085735e-14;5.601362110792014e-23;2.1129891443022455e-29;3.3028853457871906e-27;3.551827859461588e-34;1.0312919777846872e-52;6.666067320923807e-18;1.3482815509353093e-20;2.8086876241925907e-22;1.008503014106329e-16;4.1594770762532955e-18;2.4263122072627245e-24;2.2650294198188356e-28;3.2683722805674436e-33;4.862308224428342e-48
PCPDMC (Low);0.7226722968279018;1.8290559520307327e-05;;0.6368004604986524;0.09601665124947141;2.4159681299009133e-07;2.7412433068082944e-10;1.3368347200047707e-18;1.324122310660785e-12;1.3467542109034552e-13;3.2293655172757746e-20;4.130893389520149e-08;1.3676144218121464e-10;2.7368566412324188e-05;6.186595416073153e-33;5.994729753889308e-26;7.013032829605456e-56;5.497569276126272e-31;2.1071567932912337e-33;1.0749776108878795e-52;1.797775540368396e-23;2.2228391126921284e-24;4.54771358324719e-32;1.7357573151765136e-45;7.856146688421252e-52;9.503295078218441e-42;1.2366096519221732e-48;1.0359764570291791e-48;1.6205250746526375e-60;1.7934109127333775e-19;1.1992150406238128e-19;2.477898092957635e-25;2.7666935326838114e-20;3.630866281929983e-21;1.943040172399629e-25;4.444226715469593e-32;1.3489118168604326e-33;1.9344529647588167e-40;3.827403547389866e-36;2.6635380786519755e-38;2.9916095764986935e-52;1.441903119397107e-32;6.381545636342017e-29;8.380064249582569e-55;1.624655990154123e-44;4.503556356686454e-56;1.4420352501458705e-76;8.70948902763268e-39;3.1281089952591485e-46;1.8505282551042854e-50;1.8097532583730113e-35;9.060519261256493e-42;6.0349681554717355e-56;1.92420592702253e-48;1.2594853810602272e-53;1.3213779415411772e-73
PCPDMC (Medium);0.5946502821557431;1.8714624662796862e-05;0.6368004604986524;;0.05836646155821004;7.658081381455974e-06;1.1435567795169107e-09;1.2666070868931124e-17;1.98188797618207e-09;7.950118190745032e-13;3.447586975658128e-19;5.3756436329346396e-08;2.5478882957836864e-10;2.3403217251600864e-05;1.5552215606798685e-32;1.1061632862860282e-25;5.3680291768270964e-55;1.8070704940854217e-30;1.178452189767721e-32;6.484136820949919e-52;5.2044720280425555e-23;8.414849390210361e-24;2.7121028993464444e-31;7.727795271869176e-44;7.184689794385133e-50;6.573144280219588e-42;6.96766015222767e-47;5.91397415529275e-47;2.0819584259159515e-59;2.8980657755109154e-19;2.455804138311417e-19;1.3230754138369207e-24;6.159376209601681e-21;5.857272695420951e-22;1.5809651878128706e-26;3.406585066078868e-32;8.737796030341978e-34;9.263464062372916e-41;1.8328075014751283e-36;9.774200633615708e-39;7.482205835717987e-52;8.324027184743014e-35;1.8079452439956159e-29;1.4046538737015104e-57;1.1557167546398979e-44;1.7375033686479956e-56;2.879514778119382e-77;2.281577193535348e-39;1.554475244595123e-46;3.1084385886524394e-50;6.6721412437326695e-37;6.255343854075355e-44;5.372434595859243e-58;1.0768871354048995e-48;3.973854514686437e-54;3.5799549048204316e-74
PCPDMC (High);0.2398688146088758;0.024694042000822928;0.09601665124947141;0.05836646155821004;;0.2184870113697021;0.030569707285477594;4.974052331511081e-13;0.037628678463306496;0.004481325282235498;1.1890327751349588e-13;0.00044273729579953034;1.1900572581456349e-05;0.01641598081614167;1.4210533647093196e-22;9.341819808309003e-17;1.4662969267726126e-41;3.7707018544789155e-20;1.6599740098197253e-22;6.449391972250604e-37;4.3108458653476124e-16;7.213159327846015e-17;5.177950726098336e-23;1.6159992245071386e-31;1.460641307716416e-36;3.68728395210558e-39;2.810012361250223e-34;3.98557945417755e-34;4.690474315028595e-45;3.9655770034087644e-11;3.9505860026055455e-11;3.218494825460346e-14;1.4814038587410834e-12;5.505394830130863e-13;1.0145486630348879e-15;1.3990796360575447e-31;1.0106989716310893e-33;3.0644242691403207e-40;6.535191642334391e-23;1.0872501746442519e-24;7.206644533054835e-33;1.5088392369799432e-20;2.2078576628194037e-25;1.3848082901946309e-38;2.391343291909612e-46;1.345010247263576e-61;8.93044243250392e-83;3.2173926175434757e-24;8.565641793101112e-29;7.655841600093922e-32;1.547403791871274e-23;7.846661220912616e-27;1.1041689491369121e-35;3.832331954162453e-47;4.765924478230426e-56;3.5650041157033536e-78
MCPDMC (Low,WAVG);0.0040099744323281025;0.22053134592743046;2.4159681299009133e-07;7.658081381455974e-06;0.2184870113697021;;0.006555983161600278;4.95917103713953e-11;0.004614115679134646;0.0005809162715620182;1.7527345645195745e-11;0.0020243081164560413;4.4881445409223575e-05;0.08881812540973118;1.304926893228155e-24;3.633061666626595e-18;3.806612179385159e-44;2.657585987341917e-22;4.5902938135854294e-24;8.185120776686145e-40;5.02268705232371e-17;1.516144606020795e-17;4.185812056082613e-24;1.1940897462256317e-35;3.962438215463538e-41;1.8167779288347147e-39;5.8344179799512894e-39;7.585726990846548e-38;5.756905062708127e-50;6.927714034676052e-10;9.1194300511599e-10;4.45292048228782e-13;1.1607936820781191e-10;2.539087922295234e-11;1.2164418038004098e-13;1.1384074410641142e-20;4.684275419706777e-21;1.916595563675683e-27;6.616983941266388e-22;2.5325101936486096e-23;1.0636925854045632e-32;3.8108435972701126e-19;4.85278768053182e-25;2.4881387623683274e-35;3.8136099509247647e-31;1.8132195817429158e-39;2.058620665528142e-56;2.1327882165659216e-23;7.706500479274732e-28;1.5468057964608731e-30;4.1478334624229253e-22;3.345812742726438e-25;2.117506788470941e-33;2.3151679207479637e-33;8.946719677881032e-38;2.9285538639826686e-53
MCPDMC (Medium,WAVG);2.800007633452978e-05;0.9083805805620238;2.7412433068082944e-10;1.1435567795169107e-09;0.030569707285477594;0.006555983161600278;;6.339491060426812e-09;0.6858271944586243;0.033731357926586186;1.6593460203983943e-09;0.03568260873799727;0.002368885806295402;0.4530260696471192;8.893901697253886e-21;5.8387778267005255e-15;1.7792943405661227e-38;1.9094256605901558e-18;3.322418788257126e-20;1.1429143457383156e-34;7.236121210566886e-14;2.490332511181777e-14;2.1742860640450965e-20;3.468202904477438e-30;1.2604808577605153e-34;2.8283893619364e-38;5.507995553207956e-33;1.2819619652480618e-31;2.7712773256158676e-44;5.0451086438276625e-08;5.8225922785041746e-08;6.071820691628218e-11;1.0895154780269227e-08;2.7063315870582314e-09;5.617523331935328e-12;6.89349737779712e-17;3.344345707084685e-17;1.3659149312466e-24;6.375334675570361e-19;3.812920103952105e-20;2.3009335621299684e-29;1.210838796003168e-16;5.945513551174696e-24;5.841125804081321e-34;9.48020274809781e-27;3.5259206776614827e-34;3.2550389411292995e-54;3.3687962589344266e-20;1.2067985605622484e-24;2.637190829423181e-27;1.5542435099613887e-19;1.4612700873691922e-22;1.1872898111181239e-30;7.898974244011698e-29;3.394153787570737e-33;1.0683915025613683e-48
MCPDMC (High,WAVG);6.783184239549131e-18;5.149880821001215e-07;1.3368347200047707e-18;1.2666070868931124e-17;4.974052331511081e-13;4.95917103713953e-11;6.339491060426812e-09;;1.2802095363056079e-08;1.1038058741201858e-06;0.1476583664047727;0.012065963759692301;0.10052979442848069;0.0001605643253450351;2.7041222772405844e-06;0.003217719247216472;9.389596974503513e-16;0.00012051397846701652;1.0209573400584726e-05;7.306852298454008e-13;0.0015199988496053275;0.001404688954063119;2.5332306328223643e-06;3.239553686299877e-11;3.5821004267584334e-13;2.4078832057892026e-31;5.305705665032045e-13;2.661745431384098e-11;1.1996586751157912e-18;0.518168129818162;0.602848812265176;0.17207690743186935;0.25176965203370927;0.2247868730955454;0.05242533172671177;6.889210004560342e-05;6.117801267324643e-05;5.721860258075638e-10;0.0002890958118540339;4.961982070120687e-05;2.4195023642508375e-08;0.0029021656199001173;2.1411637711383718e-16;2.933973210496617e-13;7.479372070444997e-10;1.1538987512898164e-13;3.1149865400428263e-31;0.00016327982749712094;2.307840129365043e-06;6.629172991389818e-08;5.439393124947467e-05;2.4687368394693294e-05;3.2593361756852803e-09;1.777811418001825e-10;2.3202325501627907e-13;2.9493507027688633e-26
MCPDMC (Low,SWITCH);0.00010345553153797877;0.7611168490314648;1.324122310660785e-12;1.98188797618207e-09;0.037628678463306496;0.004614115679134646;0.6858271944586243;1.2802095363056079e-08;;0.017517113826585974;4.672841362751682e-10;0.022769483261429278;0.0011840225971541068;0.3609407573237272;3.6373524265910234e-20;1.9427954151559616e-14;1.4121590804111797e-37;4.193710860939358e-18;1.0399574195031448e-19;1.121190586225051e-33;4.4370971937122604e-14;1.534055377593162e-14;3.340719071531747e-20;3.888030820537795e-30;1.4285822265175554e-34;3.076713612991497e-38;4.23451310774051e-33;1.0602244309662326e-31;1.9864637698089127e-42;3.672969079238341e-08;6.195361312441264e-08;8.386451076307726e-11;6.098821878893871e-09;2.3157089356480534e-09;2.4323553002859323e-11;4.9925405843101175e-18;6.410613701008476e-18;6.0236207750970335e-24;7.170365311287942e-19;4.0505673479081035e-20;2.304426216863442e-28;1.2733276678310974e-16;4.353677369847665e-24;2.7192894180437525e-32;9.30114777653191e-28;2.0236996587600766e-35;7.414925771856362e-52;2.934071618149323e-20;3.159278484607534e-24;1.3180999874378058e-26;1.1085532015747418e-19;6.508621809884484e-22;1.4442498936814796e-29;9.324961680806699e-30;1.269630976797075e-33;5.76176807194943e-48
MCPDMC (Medium,SWITCH);7.06003891808093e-07;0.5188612095749632;1.3467542109034552e-13;7.950118190745032e-13;0.004481325282235498;0.0005809162715620182;0.033731357926586186;1.1038058741201858e-06;0.017517113826585974;;2.5694536142143465e-08;0.15440977557300312;0.019067680986901633;0.9155020124646387;6.717064049707195e-17;9.72791861066664e-12;2.5900766203853726e-32;6.565537064443599e-15;2.445786618194493e-16;6.413417756186726e-29;1.894718952569134e-11;8.346600618860495e-12;8.099451456094354e-17;2.7300433191485123e-25;6.747172857166347e-29;3.937078820297902e-37;6.917672963000987e-28;2.6450141236676387e-26;7.859798726408463e-37;1.8291192786972282e-06;2.66996399690999e-06;9.823812404645343e-09;3.5059543059619846e-07;1.4979901468261202e-07;1.5063298770410999e-09;8.998785949193057e-15;1.1753174087082748e-14;3.2886213187813558e-21;6.265535541856944e-16;6.044535079520038e-17;1.7510125671408794e-24;6.259013410795625e-14;3.9183494996325993e-23;1.0251619488439517e-29;1.314458399895387e-23;2.21626693138225e-30;1.5428417599738394e-48;4.144548396065414e-17;6.77911737066769e-21;4.129314789211693e-23;8.076907175288914e-17;8.551293580491885e-19;6.128807412445879e-26;1.7059786797636715e-25;2.2590348595749938e-29;2.170614439526464e-43
MCPDMC (High,SWITCH);3.2138579704085604e-19;1.2723181595184113e-07;3.2293655172757746e-20;3.447586975658128e-19;1.1890327751349588e-13;1.7527345645195745e-11;1.6593460203983943e-09;0.1476583664047727;4.672841362751682e-10;2.5694536142143465e-08;;0.002175591767037093;0.02745678711847385;1.8965645907881107e-05;0.00014476375262104492;0.03030998702885916;4.160938378646113e-12;0.002281027733578874;0.0003647161262779901;8.196511712560539e-10;0.017445850682751445;0.018357453415295422;0.00025934458933441097;2.7602609124611222e-08;9.558675509717165e-10;4.814373821732211e-30;1.0555750280047262e-09;2.6991913590308467e-08;5.455829367587398e-14;0.9944592147888265;0.8786601364963847;0.5441825885990754;0.6360647581516601;0.6087903193086692;0.25706592144734364;0.0016682379818021697;0.0024042996345342168;9.691667585845127e-07;0.005091480687053768;0.0015889624522384624;5.424356598421922e-06;0.028229645334882966;3.20688793443147e-15;6.426196536652445e-10;2.5586435565497536e-07;4.0190346222014763e-10;1.6601305976000313e-23;0.003722022154219198;0.00013390559931637046;8.933031396681188e-06;0.0012848227842189224;0.0009439695389288161;1.6022526409467864e-06;5.5085369681185413e-08;5.960936322581209e-10;1.807438386716787e-19
FCN-L-SMCA;5.130688231206153e-07;0.05133139356668261;4.130893389520149e-08;5.3756436329346396e-08;0.00044273729579953034;0.0020243081164560413;0.03568260873799727;0.012065963759692301;0.022769483261429278;0.15440977557300312;0.002175591767037093;;0.0016187931466111252;2.0265279812466115e-05;5.2649300584131074e-24;1.5812380026605369e-13;8.998877939903067e-47;1.448714362819456e-20;3.3650193128923735e-22;7.795434349379318e-44;6.68166182207027e-14;1.3992058925386872e-12;1.941559057780807e-17;3.1349593956402554e-32;1.6147805217638766e-37;2.2528978201333697e-37;1.7255107216769435e-36;2.6972245366510804e-33;3.727821966469367e-43;0.0001141739436970591;0.0002926746839258003;1.632736148912276e-06;2.638632373888824e-05;1.8678880329724082e-05;2.536505879763457e-07;3.250851699188042e-11;6.558398713879547e-11;4.0704162613535625e-15;6.3418963402822985e-12;1.5340857820767892e-13;8.274311135847842e-23;4.261399590228245e-09;8.597432658552081e-21;2.4558897704546143e-26;3.024835222360585e-17;1.8365096382710858e-22;1.6734232969115433e-39;4.756746870523608e-13;1.1673318589689052e-16;9.738879093602225e-19;8.419233154840002e-13;4.312289408500769e-13;4.824132065896133e-20;2.62575997843808e-19;1.1693109818451822e-21;7.855443801659143e-34
FCN-M-SMCA;1.3439147950262075e-09;0.002708555148402955;1.3676144218121464e-10;2.5478882957836864e-10;1.1900572581456349e-05;4.4881445409223575e-05;0.002368885806295402;0.10052979442848069;0.0011840225971541068;0.019067680986901633;0.02745678711847385;0.0016187931466111252;;6.43429128060959e-10;2.2891445902534697e-18;1.0954640705098605e-09;4.079896313587749e-39;6.850575827366018e-15;4.4113475278929133e-16;3.39976928758741e-35;1.7093342710768234e-11;1.6830006027840217e-10;5.433167425720153e-15;3.723980860604293e-28;1.310198395071827e-32;3.1084373448353314e-36;6.711404667224114e-32;2.367529121614792e-29;6.92534560085365e-38;0.006391173474931217;0.010901618879617858;0.000233395535645771;0.0016033157623885719;0.0012845919918640194;4.52220214637167e-05;4.320951700766623e-09;8.353543910967368e-09;9.893603599115329e-13;5.871038488683339e-09;2.6955432699565853e-10;2.821139007174649e-17;8.002690474277407e-07;1.5164122181038008e-19;1.175817090825935e-21;1.1704000194631488e-14;2.1314074423460898e-19;2.676580642896897e-35;8.466967863884872e-10;8.118975818448417e-13;1.685375912395697e-14;7.777124622089135e-10;4.80351492849103e-10;1.6652659725925796e-15;2.0104329801314347e-16;1.3213844874344621e-18;1.0554901321232602e-29
FCN-S-SMCA;5.8118195031994516e-05;0.5007682275518333;2.7368566412324188e-05;2.3403217251600864e-05;0.01641598081614167;0.08881812540973118;0.4530260696471192;0.0001605643253450351;0.3609407573237272;0.9155020124646387;1.8965645907881107e-05;2.0265279812466115e-05;6.43429128060959e-10;;4.139832097381552e-31;7.601027247117578e-20;9.938735244541186e-61;8.861315982253933e-26;2.4592268397016955e-31;3.1403049192365113e-58;3.292959621290082e-20;5.003234983464248e-19;9.76846252853159e-26;1.0946475078906237e-40;6.447606226908655e-48;7.056346152473583e-39;1.8177140184410136e-46;6.827154826414031e-44;1.5841132753500318e-58;2.245003847653314e-07;7.80880232536257e-07;1.7314513248808035e-10;3.966451943807029e-08;2.329171920190638e-08;1.0019804748565856e-11;1.788924102408442e-15;2.2228126130203656e-15;9.524827743082411e-20;3.415381374963719e-16;6.955650672440473e-18;1.8789795226882428e-29;3.4151606380062614e-13;2.2419049488681737e-22;6.175069999479027e-33;2.9957202213060487e-22;1.186777899755971e-28;1.6396658728409165e-47;6.936337781507502e-18;1.8931575148142867e-21;3.343034823162134e-23;4.3180807653555506e-17;7.424180839286312e-18;2.6039817179414797e-25;8.381801147125925e-25;1.1142542841222066e-27;7.476126361980013e-41
LSTM-L-SMCA;7.694500777207885e-32;1.3201821580153775e-19;6.186595416073153e-33;1.5552215606798685e-32;1.4210533647093196e-22;1.304926893228155e-24;8.893901697253886e-21;2.7041222772405844e-06;3.6373524265910234e-20;6.717064049707195e-17;0.00014476375262104492;5.2649300584131074e-24;2.2891445902534697e-18;4.139832097381552e-31;;1.3442282376952324e-07;1.5176748080846022e-09;0.005237168377569756;0.3681311875906843;1.8430031736823545e-05;0.027373480789379637;0.025883743108464002;0.6287309876390292;0.000924756087146909;1.917920512376337e-05;3.089814200490183e-29;6.657413229988257e-06;0.003098227590233952;1.854236533523684e-10;3.6966348357019618e-06;1.8570918133152435e-06;2.9922507829412032e-05;0.00011371224308208957;9.352308110439309e-05;0.0007490858838079498;0.3419931537443851;0.24042670238374614;0.4991802831958332;0.07545928539732104;0.18910518367818574;0.8115269105573935;0.01565770056942554;4.244757383579282e-11;0.012835833235396303;0.23327942462119128;0.032266535324502375;1.1892830014272695e-09;0.07626170883624683;0.5636564120087485;0.8544222856727388;0.26765578889282604;0.21255954835370758;0.7138940486059343;0.1455558030858887;0.031494002672938747;1.4279574085805445e-06
LSTM-M-SMCA;7.602300859023731e-25;6.812325531047108e-14;5.994729753889308e-26;1.1061632862860282e-25;9.341819808309003e-17;3.633061666626595e-18;5.8387778267005255e-15;0.003217719247216472;1.9427954151559616e-14;9.72791861066664e-12;0.03030998702885916;1.5812380026605369e-13;1.0954640705098605e-09;7.601027247117578e-20;1.3442282376952324e-07;;4.5145830288716174e-21;0.006498237588412209;4.7559918498753526e-05;2.9247012711610436e-18;0.6673268696742254;0.7604354482135576;0.041262409447154404;3.294142915339385e-11;6.3722715293724945e-15;7.281930981807534e-31;2.9400531977597947e-15;3.1414067035022795e-11;7.471358209373991e-25;0.008592383142193042;0.005922432236725772;0.03834399053166658;0.05347293906817317;0.05370488436790191;0.1681570166868769;0.3798342864346619;0.48796166867586643;0.011594476762010593;0.6090970134585261;0.31058692980497243;0.004072116081017764;0.8312112177724322;3.480288025072671e-13;2.230162815014718e-06;0.002037480237695363;3.704111015615798e-05;6.986093233940734e-16;0.5166219051153088;0.07622470407955809;0.014029393849618986;0.2551624554695106;0.29242578241466394;0.008667697931075613;0.0006644719425351824;3.686697251777759e-05;1.2808074937518388e-11
LSTM-S-SMCA;9.645506568687368e-56;4.468240255979333e-40;7.013032829605456e-56;5.3680291768270964e-55;1.4662969267726126e-41;3.806612179385159e-44;1.7792943405661227e-38;9.389596974503513e-16;1.4121590804111797e-37;2.5900766203853726e-32;4.160938378646113e-12;8.998877939903067e-47;4.079896313587749e-39;9.938735244541186e-61;1.5176748080846022e-09;4.5145830288716174e-21;;2.378221862804403e-14;5.515334431630112e-13;0.0035285215574728736;1.5495540055131315e-10;4.859326748648448e-11;2.9965804081335027e-07;0.020532821702304603;0.07242138725255494;7.981098093651667e-24;0.17677112888241783;0.0039050850473382305;0.4041577672644431;2.364505591000305e-16;8.404437369061191e-17;3.270845696149447e-16;1.8914150554103162e-13;7.440248682285955e-14;1.6090098642947005e-13;8.483926629469948e-06;2.0610812489919232e-06;0.006128616782952508;4.180089920729449e-08;1.4966074722973975e-07;2.6523285102489512e-05;1.4206333727042637e-09;3.401769201608321e-07;0.1417171526025932;0.02286811660321906;0.17321669097038558;0.002017643832574049;1.2952275097264933e-08;4.600004795651428e-06;0.0001944957872301799;1.805465188914977e-06;3.67857916977715e-07;0.00029433246757712254;0.0391950042350586;0.17299166050368806;0.1020465615515831
GRU-L-SMCA;1.9027409874854917e-28;3.244907242461934e-17;5.497569276126272e-31;1.8070704940854217e-30;3.7707018544789155e-20;2.657585987341917e-22;1.9094256605901558e-18;0.00012051397846701652;4.193710860939358e-18;6.565537064443599e-15;0.002281027733578874;1.448714362819456e-20;6.850575827366018e-15;8.861315982253933e-26;0.005237168377569756;0.006498237588412209;2.378221862804403e-14;;0.1428718803473443;1.1754835902297475e-10;0.34145649109916687;0.3069815110442013;0.48654878404142876;5.539085792192156e-07;2.751729257151814e-10;2.3921956976185878e-30;8.528739398641753e-10;1.5561494617585123e-06;1.2489953547954212e-15;0.0001614065730519851;0.00011980628691267282;0.0014533195631908711;0.002664446653280882;0.0025597515440463877;0.016142714356821058;0.9393835045132911;0.778162781087876;0.11939490257345937;0.48510158322072683;0.831008154548395;0.13641202951503725;0.15977742803665604;3.4567038102872492e-12;0.00040272542815100607;0.03358378058866067;0.0018493083681110991;2.6544904608668755e-12;0.5258544833399597;0.5893176084800389;0.20117854206985394;0.9787393719043476;0.8778219587009647;0.13961588952610107;0.015963415774524117;0.0018787041721041841;7.781557089127192e-09
GRU-M-SMCA;9.097544351697296e-32;1.0428833263121923e-19;2.1071567932912337e-33;1.178452189767721e-32;1.6599740098197253e-22;4.5902938135854294e-24;3.322418788257126e-20;1.0209573400584726e-05;1.0399574195031448e-19;2.445786618194493e-16;0.0003647161262779901;3.3650193128923735e-22;4.4113475278929133e-16;2.4592268397016955e-31;0.3681311875906843;4.7559918498753526e-05;5.515334431630112e-13;0.1428718803473443;;7.067066188248562e-11;0.09718939873239049;0.08120524483412074;0.9768150604842778;0.00016557837535034815;8.935826330430517e-07;3.268256181018319e-29;5.657067152369054e-07;0.0001768799120900115;8.5696202096863e-15;1.6604365500231696e-05;1.1266212437459542e-05;0.00011026270387665524;0.0003929610321159097;0.00036982842142597956;0.0018868814051737342;0.529185083666381;0.39509570111370307;0.3010500392388061;0.16228851245227774;0.34972816100961;0.4579663096700918;0.03419402222827684;2.1602385583078375e-11;0.0025936081679007903;0.10981317978074046;0.009347110198703023;1.8640764975237565e-11;0.1641251722439877;0.8743011868699725;0.5435706089439771;0.47549774082241814;0.3914983706292987;0.41961610941964056;0.06066244234348238;0.009054189990469589;9.206353675663551e-08
GRU-S-SMCA;4.171445175822752e-50;3.148668918259755e-35;1.0749776108878795e-52;6.484136820949919e-52;6.449391972250604e-37;8.185120776686145e-40;1.1429143457383156e-34;7.306852298454008e-13;1.121190586225051e-33;6.413417756186726e-29;8.196511712560539e-10;7.795434349379318e-44;3.39976928758741e-35;3.1403049192365113e-58;1.8430031736823545e-05;2.9247012711610436e-18;0.0035285215574728736;1.1754835902297475e-10;7.067066188248562e-11;;1.621707185757727e-07;7.761210182649768e-08;0.00011497667298849832;0.49164643826968946;0.9312716816505711;5.245707096630645e-25;0.7001502459216036;0.2728183191024305;0.0019312954379886586;1.7213295507232635e-13;8.003447805730047e-14;4.1545530315241933e-13;8.7102672916241e-11;4.2731452855609436e-11;9.320440902596484e-11;0.0008770270000940161;0.00028103502276776284;0.10950773033662205;7.413511448171504e-06;3.0948594402379147e-05;0.0028054568233861874;3.2739335898085576e-07;2.023365342846717e-08;0.8848904900796073;0.26948512904591015;0.8803354097742557;1.3780495931877933e-05;2.890647355974208e-06;0.000492988967220916;0.009667395472878438;0.00016053687149971744;4.563647832229658e-05;0.013608182203341748;0.38328945299548134;0.8800044994171804;0.00430002792568291
FCN-L-QDMDC;4.411497663656421e-24;7.55771450695828e-15;1.797775540368396e-23;5.2044720280425555e-23;4.3108458653476124e-16;5.02268705232371e-17;7.236121210566886e-14;0.0015199988496053275;4.4370971937122604e-14;1.894718952569134e-11;0.017445850682751445;6.68166182207027e-14;1.7093342710768234e-11;3.292959621290082e-20;0.027373480789379637;0.6673268696742254;1.5495540055131315e-10;0.34145649109916687;0.09718939873239049;1.621707185757727e-07;;0.681284975677736;0.0031465541878866604;3.1800079453233464e-11;1.2487894763377918e-15;3.9069836337319054e-30;1.5715473352476831e-16;1.5344579011809058e-09;1.9207062936906984e-21;0.0016376288461575808;0.0014963524900508693;0.012745816543158518;0.01990638081434049;0.020269930006984366;0.10125287556659368;0.5476411591528894;0.699579637167621;0.02876946280610801;0.9062488888894212;0.590505258788361;0.045567544987415845;0.6093258645161437;1.0440905813954087e-12;0.00018922981984779798;0.010706771243220505;0.0005123281364606633;1.3127019019780683e-12;0.8271959769131314;0.23860773968445576;0.0755284588261789;0.5005925238393876;0.5641200648787679;0.05190310354971666;0.004594154878926873;0.0005821676681150147;6.679522731973011e-09
FCN-M-QDMDC;2.3832439291931907e-25;1.2629209375883373e-15;2.2228391126921284e-24;8.414849390210361e-24;7.213159327846015e-17;1.516144606020795e-17;2.490332511181777e-14;0.001404688954063119;1.534055377593162e-14;8.346600618860495e-12;0.018357453415295422;1.3992058925386872e-12;1.6830006027840217e-10;5.003234983464248e-19;0.025883743108464002;0.7604354482135576;4.859326748648448e-11;0.3069815110442013;0.08120524483412074;7.761210182649768e-08;0.681284975677736;;2.4826024709352476e-05;3.132348148950637e-10;5.549032436113793e-15;6.459995726388522e-30;4.457029611242003e-15;9.16929172254308e-10;6.378057580673523e-23;0.001989877564506028;0.0016338847874303056;0.013925838468092722;0.022734875326457155;0.02246854716986041;0.11022333469206569;0.4754140500118964;0.6259670327258107;0.01838649111795153;0.8360153439065321;0.5252731360004731;0.033675731695812616;0.6694136863045321;7.309376445726466e-13;0.0001024039998797757;0.006920789753589633;0.0002576221063431299;1.4096689438577936e-13;0.753799156381378;0.1992352516848505;0.05876315814906517;0.4428360077361979;0.49804949260970255;0.0392402448319768;0.0027572166212349457;0.0002891271077588481;1.453552833651462e-09
FCN-S-QDMDC;1.3879038250822091e-33;7.340202819255592e-23;4.54771358324719e-32;2.7121028993464444e-31;5.177950726098336e-23;4.185812056082613e-24;2.1742860640450965e-20;2.5332306328223643e-06;3.340719071531747e-20;8.099451456094354e-17;0.00025934458933441097;1.941559057780807e-17;5.433167425720153e-15;9.76846252853159e-26;0.6287309876390292;0.041262409447154404;2.9965804081335027e-07;0.48654878404142876;0.9768150604842778;0.00011497667298849832;0.0031465541878866604;2.4826024709352476e-05;;0.000295255471604626;1.1377809621966934e-06;4.680544625314384e-28;1.2282810859144272e-06;0.00036133027643526106;7.2068488648849515e-16;2.806865433866324e-06;1.596854103163248e-06;1.8743124868642437e-05;0.00017330008555893842;0.0001325529908627588;0.0012400370461627872;0.5050896840012032;0.3699993417284575;0.24770747901954046;0.23459194185984192;0.4286806751395462;0.5063278250383338;0.06421838881955114;2.4276873541535602e-11;0.006723011745393473;0.12346188241180817;0.011756318326588137;3.2072185278464964e-11;0.24067053784051784;0.907843683599606;0.5681757953670429;0.5539957711896226;0.4692483566003689;0.45174418781560843;0.07146983918331695;0.011990012568784776;2.2991287126391615e-07
LSTM-L-QDMDC;3.580690940029998e-44;2.7713338222516004e-33;1.7357573151765136e-45;7.727795271869176e-44;1.6159992245071386e-31;1.1940897462256317e-35;3.468202904477438e-30;3.239553686299877e-11;3.888030820537795e-30;2.7300433191485123e-25;2.7602609124611222e-08;3.1349593956402554e-32;3.723980860604293e-28;1.0946475078906237e-40;0.000924756087146909;3.294142915339385e-11;0.020532821702304603;5.539085792192156e-07;0.00016557837535034815;0.49164643826968946;3.1800079453233464e-11;3.132348148950637e-10;0.000295255471604626;;0.13156810106721747;1.8367201255244057e-26;0.016170647508563122;0.5912078805787814;7.413462446737023e-07;1.6604848334839567e-12;1.8163201425486451e-12;4.806075832113873e-11;3.261475223615511e-09;2.3523288564400324e-09;8.60030277926897e-08;0.005397378567375861;0.0024015704595774156;0.2800488829964365;7.351176079663767e-05;0.0003388566437955791;0.03169197046522508;3.1166584799140036e-06;4.697652327702845e-09;0.719325371172594;0.5402255715643004;0.7636209375241703;1.4909059037503595e-05;2.762132686323408e-05;0.00617619579601837;0.059653892658034974;0.0012971169348300884;0.0007815077973790084;0.08467570490176127;0.7033783082045253;0.7648108842587487;0.0023477309792100842
LSTM-M-QDMDC;8.757953269647754e-51;1.1392376348964312e-37;7.856146688421252e-52;7.184689794385133e-50;1.460641307716416e-36;3.962438215463538e-41;1.2604808577605153e-34;3.5821004267584334e-13;1.4285822265175554e-34;6.747172857166347e-29;9.558675509717165e-10;1.6147805217638766e-37;1.310198395071827e-32;6.447606226908655e-48;1.917920512376337e-05;6.3722715293724945e-15;0.07242138725255494;2.751729257151814e-10;8.935826330430517e-07;0.9312716816505711;1.2487894763377918e-15;5.549032436113793e-15;1.1377809621966934e-06;0.13156810106721747;;8.507361005605059e-26;0.5183867356259617;0.011392749667157987;1.205549867619267e-05;5.50278389536401e-15;9.490109524673807e-15;1.6714671820021413e-13;2.6784866774508337e-11;1.7881703398077246e-11;9.752199582778855e-10;0.0006509072694151133;0.0002501360610999501;0.10816898815175173;3.3636607884506018e-06;1.721376567273013e-05;0.0032909876161845335;9.022997418643447e-08;1.6046240298467376e-08;0.8463566539578056;0.2573956449553336;0.8448624278936084;7.124822956470712e-05;1.084215615319566e-06;0.0005282289891243215;0.010050532304811434;8.336537514977519e-05;3.553404497848954e-05;0.017421154621926702;0.36916779235529384;0.8449506323467901;0.008264432491352993
LSTM-S-QDMDC;2.7512541487456946e-41;5.140644996413359e-38;9.503295078218441e-42;6.573144280219588e-42;3.68728395210558e-39;1.8167779288347147e-39;2.8283893619364e-38;2.4078832057892026e-31;3.076713612991497e-38;3.937078820297902e-37;4.814373821732211e-30;2.2528978201333697e-37;3.1084373448353314e-36;7.056346152473583e-39;3.089814200490183e-29;7.281930981807534e-31;7.981098093651667e-24;2.3921956976185878e-30;3.268256181018319e-29;5.245707096630645e-25;3.9069836337319054e-30;6.459995726388522e-30;4.680544625314384e-28;1.8367201255244057e-26;8.507361005605059e-26;;3.130935474360935e-25;2.1118013588262106e-26;2.9515574360405906e-23;1.6855950027908717e-32;1.378851798910101e-32;1.4501835086894707e-31;1.7888615868901812e-31;2.8438010222719417e-31;3.1334274354299148e-30;1.4163451919071618e-27;1.2266585008785554e-27;1.084184904749526e-24;9.998028175147296e-29;5.171052288502596e-28;1.389126415351442e-26;1.681083386991259e-29;1.4228767901931094e-14;1.1029779983568336e-23;7.468269488586604e-25;1.0028245029645477e-23;2.515766082519176e-18;6.167106385893527e-29;2.4242346564473995e-27;2.448316440346396e-26;4.4899614617318145e-28;7.230753357542028e-28;5.99055816312323e-26;6.588291019280616e-25;7.489456232090221e-24;5.948468479976581e-20
GRU-L-QDMDC;1.8186430828422116e-47;1.9028548838543226e-35;1.2366096519221732e-48;6.96766015222767e-47;2.810012361250223e-34;5.8344179799512894e-39;5.507995553207956e-33;5.305705665032045e-13;4.23451310774051e-33;6.917672963000987e-28;1.0555750280047262e-09;1.7255107216769435e-36;6.711404667224114e-32;1.8177140184410136e-46;6.657413229988257e-06;2.9400531977597947e-15;0.17677112888241783;8.528739398641753e-10;5.657067152369054e-07;0.7001502459216036;1.5715473352476831e-16;4.457029611242003e-15;1.2282810859144272e-06;0.016170647508563122;0.5183867356259617;3.130935474360935e-25;;0.008227697471217833;0.0007700630398321764;9.990528084443131e-15;1.9677134593841293e-14;2.929562252729539e-13;3.363229136674672e-11;2.6420223679723927e-11;1.3267691367596726e-09;0.0004793038473346269;0.00019586714056035653;0.08150995709368847;3.354348326232024e-06;1.3843010879956827e-05;0.0025343155637957784;7.953782645267595e-08;3.2999593639742145e-08;0.6917210340860738;0.2027621039892067;0.7056929163454655;0.0002585245705246532;8.970966372675426e-07;0.00042064326615572024;0.008162899634930214;6.616789994843945e-05;3.298897619615577e-05;0.01269104012515684;0.2923646371589504;0.7052085998104678;0.01787485255996019
GRU-M-QDMDC;8.562439195680249e-48;6.879260533899654e-36;1.0359764570291791e-48;5.91397415529275e-47;3.98557945417755e-34;7.585726990846548e-38;1.2819619652480618e-31;2.661745431384098e-11;1.0602244309662326e-31;2.6450141236676387e-26;2.6991913590308467e-08;2.6972245366510804e-33;2.367529121614792e-29;6.827154826414031e-44;0.003098227590233952;3.1414067035022795e-11;0.0039050850473382305;1.5561494617585123e-06;0.0001768799120900115;0.2728183191024305;1.5344579011809058e-09;9.16929172254308e-10;0.00036133027643526106;0.5912078805787814;0.011392749667157987;2.1118013588262106e-26;0.008227697471217833;;1.0951672649914816e-11;4.377846673412251e-12;3.3991623012203163e-12;6.010429598316623e-11;4.000481648370226e-09;3.1430304801888715e-09;6.56362021516726e-08;0.006617252641184701;0.0029074864422440286;0.3464133250666088;0.00011134984064338872;0.0005895508057264109;0.04509655195237856;3.603637667857388e-06;3.4891583408170377e-09;0.565093403864085;0.6434464391723229;0.617697905735533;3.4695510985927774e-06;5.982165707689118e-05;0.008452602250877411;0.07712677951907922;0.0018527319611062012;0.0009591548520164733;0.11079207283961567;0.8298089323767264;0.6180459774912685;0.0008520956560188933
GRU-S-QDMDC;1.0266399242516541e-60;3.0229113108052033e-50;1.6205250746526375e-60;2.0819584259159515e-59;4.690474315028595e-45;5.756905062708127e-50;2.7712773256158676e-44;1.1996586751157912e-18;1.9864637698089127e-42;7.859798726408463e-37;5.455829367587398e-14;3.727821966469367e-43;6.92534560085365e-38;1.5841132753500318e-58;1.854236533523684e-10;7.471358209373991e-25;0.4041577672644431;1.2489953547954212e-15;8.5696202096863e-15;0.0019312954379886586;1.9207062936906984e-21;6.378057580673523e-23;7.2068488648849515e-16;7.413462446737023e-07;1.205549867619267e-05;2.9515574360405906e-23;0.0007700630398321764;1.0951672649914816e-11;;7.190762992505594e-20;8.360355593101975e-20;1.2877018286409972e-19;1.0132251900564913e-15;3.853667589922392e-16;7.306749498216807e-16;9.964577404590225e-07;1.9043206260020724e-07;0.0013430620733601351;2.6530755007262277e-10;2.4675894106685706e-09;5.104570371217963e-07;1.6107360265500605e-12;7.454612086216906e-07;0.040891362054249265;0.006875162899817183;0.06857483606286857;0.012577693771143674;2.1823648652920532e-11;1.93788835332213e-07;2.056118753312556e-05;2.506287528393836e-08;5.40434315292154e-09;3.0912204568669484e-05;0.012731991219234661;0.06596826318321786;0.2845874506799731
FCN-L-PCPDMC (Low);4.217009235867169e-15;4.0776865271504974e-07;1.7934109127333775e-19;2.8980657755109154e-19;3.9655770034087644e-11;6.927714034676052e-10;5.0451086438276625e-08;0.518168129818162;3.672969079238341e-08;1.8291192786972282e-06;0.9944592147888265;0.0001141739436970591;0.006391173474931217;2.245003847653314e-07;3.6966348357019618e-06;0.008592383142193042;2.364505591000305e-16;0.0001614065730519851;1.6604365500231696e-05;1.7213295507232635e-13;0.0016376288461575808;0.001989877564506028;2.806865433866324e-06;1.6604848334839567e-12;5.50278389536401e-15;1.6855950027908717e-32;9.990528084443131e-15;4.377846673412251e-12;7.190762992505594e-20;;0.5312718578506513;0.05476014456561862;0.30274579598685597;0.2684114234129429;0.023699609653268932;4.6962247706433045e-05;0.00011823600228831443;3.201196003332891e-09;1.1170367940289119e-05;5.821388301319362e-09;5.45342425359175e-16;0.002035214196698329;2.175294822574165e-18;3.0947920941137085e-22;4.432249443167109e-09;8.067888494163945e-13;2.1950364759276182e-31;1.2657124094728259e-06;2.322675451167864e-13;3.052850668948483e-16;2.757448346880979e-06;3.323975352019211e-07;7.537981832400881e-14;1.1499843887297482e-10;1.070249287143904e-12;9.859455692080413e-25
FCN-M-PCPDMC (Low);3.7996721866933294e-15;5.871080467749319e-07;1.1992150406238128e-19;2.455804138311417e-19;3.9505860026055455e-11;9.1194300511599e-10;5.8225922785041746e-08;0.602848812265176;6.195361312441264e-08;2.66996399690999e-06;0.8786601364963847;0.0002926746839258003;0.010901618879617858;7.80880232536257e-07;1.8570918133152435e-06;0.005922432236725772;8.404437369061191e-17;0.00011980628691267282;1.1266212437459542e-05;8.003447805730047e-14;0.0014963524900508693;0.0016338847874303056;1.596854103163248e-06;1.8163201425486451e-12;9.490109524673807e-15;1.378851798910101e-32;1.9677134593841293e-14;3.3991623012203163e-12;8.360355593101975e-20;0.5312718578506513;;0.0021549050218665697;0.15901565484254937;0.10758043930592075;0.0022468404593883264;1.4629283213625051e-05;1.7171013443608313e-05;9.90621797395795e-11;6.342085961355317e-06;3.036471089120287e-10;3.0505054712401787e-18;0.0009505674585428541;7.989903602764724e-19;1.3223695433414406e-26;7.462026869177323e-10;6.854093221312687e-14;3.0126974366628313e-35;8.994895104476775e-07;2.6344582314794622e-15;8.048654622063112e-21;7.81201563475137e-07;3.110168589493662e-08;3.963603608662892e-18;1.3054769771334179e-11;3.527179431593886e-14;1.8756025034505886e-28
FCN-S-PCPDMC (Low);6.716209023102282e-20;5.991118129947899e-10;2.477898092957635e-25;1.3230754138369207e-24;3.218494825460346e-14;4.45292048228782e-13;6.071820691628218e-11;0.17207690743186935;8.386451076307726e-11;9.823812404645343e-09;0.5441825885990754;1.632736148912276e-06;0.000233395535645771;1.7314513248808035e-10;2.9922507829412032e-05;0.03834399053166658;3.270845696149447e-16;0.0014533195631908711;0.00011026270387665524;4.1545530315241933e-13;0.012745816543158518;0.013925838468092722;1.8743124868642437e-05;4.806075832113873e-11;1.6714671820021413e-13;1.4501835086894707e-31;2.929562252729539e-13;6.010429598316623e-11;1.2877018286409972e-19;0.05476014456561862;0.0021549050218665697;;0.8255100359210935;0.8724739008840311;0.1413521168102202;0.0005514035505264047;0.0006365871266500591;9.165293239296431e-09;0.0006029364510055393;1.1885510347991502e-06;1.6014963810797547e-15;0.019297125601252033;2.0321629391298423e-17;6.239025189499796e-24;3.259863818653424e-08;4.7067024173081124e-12;5.450569942140317e-34;0.00015064215438241667;1.465345922880729e-10;8.541682755521893e-15;7.364475978965369e-05;1.0230891683796267e-05;4.2657293125479617e-14;9.277021650995535e-10;2.8094134017690116e-12;7.804516063397336e-26
FCN-L-PCPDMC (Medium);6.734590739619996e-16;1.1180653134918685e-07;2.7666935326838114e-20;6.159376209601681e-21;1.4814038587410834e-12;1.1607936820781191e-10;1.0895154780269227e-08;0.25176965203370927;6.098821878893871e-09;3.5059543059619846e-07;0.6360647581516601;2.638632373888824e-05;0.0016033157623885719;3.966451943807029e-08;0.00011371224308208957;0.05347293906817317;1.8914150554103162e-13;0.002664446653280882;0.0003929610321159097;8.7102672916241e-11;0.01990638081434049;0.022734875326457155;0.00017330008555893842;3.261475223615511e-09;2.6784866774508337e-11;1.7888615868901812e-31;3.363229136674672e-11;4.000481648370226e-09;1.0132251900564913e-15;0.30274579598685597;0.15901565484254937;0.8255100359210935;;0.8722846607768813;0.16054506072661562;0.0002819289767380798;0.0006320970726661476;1.1686944986158635e-07;0.002063468969320338;4.939117150311591e-05;1.6272063993236631e-09;0.011101660548320527;2.1035173508791944e-18;7.45255244394591e-21;3.327439951410393e-08;2.1958107614184894e-11;2.073738768710684e-28;0.0008506525528425494;3.0894963774994257e-07;3.4581600348541735e-10;1.5332235512748682e-05;6.347615644302765e-06;9.259524980151241e-14;1.2895689514543452e-09;2.5921474205861044e-11;9.923376999507787e-23
FCN-M-PCPDMC (Medium);2.7750482760443403e-16;4.9812444390127605e-08;3.630866281929983e-21;5.857272695420951e-22;5.505394830130863e-13;2.539087922295234e-11;2.7063315870582314e-09;0.2247868730955454;2.3157089356480534e-09;1.4979901468261202e-07;0.6087903193086692;1.8678880329724082e-05;0.0012845919918640194;2.329171920190638e-08;9.352308110439309e-05;0.05370488436790191;7.440248682285955e-14;0.0025597515440463877;0.00036982842142597956;4.2731452855609436e-11;0.020269930006984366;0.02246854716986041;0.0001325529908627588;2.3523288564400324e-09;1.7881703398077246e-11;2.8438010222719417e-31;2.6420223679723927e-11;3.1430304801888715e-09;3.853667589922392e-16;0.2684114234129429;0.10758043930592075;0.8724739008840311;0.8722846607768813;;0.11204007915003436;0.0003747740293347175;0.0005142369992734786;4.036995610280394e-08;0.002464642502614533;2.809190054017623e-05;2.3925726322937293e-10;0.013925714194174285;2.401645779932569e-18;4.204214649770282e-23;5.470354007351631e-08;2.2725856339987492e-11;1.5542197031821462e-30;0.000916192031904158;1.0887702818533161e-07;4.248599286645484e-11;2.397504994638225e-05;3.725826103295535e-06;1.6186464504421315e-15;1.8273810763840912e-09;1.6223834536160905e-11;7.124956189441783e-24
FCN-S-PCPDMC (Medium);2.970013012751178e-20;2.2794390381862901e-10;1.943040172399629e-25;1.5809651878128706e-26;1.0145486630348879e-15;1.2164418038004098e-13;5.617523331935328e-12;0.05242533172671177;2.4323553002859323e-11;1.5063298770410999e-09;0.25706592144734364;2.536505879763457e-07;4.52220214637167e-05;1.0019804748565856e-11;0.0007490858838079498;0.1681570166868769;1.6090098642947005e-13;0.016142714356821058;0.0018868814051737342;9.320440902596484e-11;0.10125287556659368;0.11022333469206569;0.0012400370461627872;8.60030277926897e-08;9.752199582778855e-10;3.1334274354299148e-30;1.3267691367596726e-09;6.56362021516726e-08;7.306749498216807e-16;0.023699609653268932;0.0022468404593883264;0.1413521168102202;0.16054506072661562;0.11204007915003436;;0.007808628945372569;0.006726412731522946;2.881062488807836e-07;0.02094482209511119;0.0007411109916689545;5.146365840760399e-10;0.12644884041365465;1.2745444719623818e-16;3.3370892457908245e-26;1.6832982053687888e-06;8.780867589135067e-10;1.211642511938492e-34;0.011013047568348828;4.15474086601218e-06;1.1765507598612319e-09;0.0017029139882382034;0.0003162650204594924;1.798903930663135e-13;1.1349302710367449e-07;5.257563950099643e-10;2.2821938838880586e-24
FCN-L-PCPDMC (High);3.2961574102220955e-28;5.537568601933129e-17;4.444226715469593e-32;3.406585066078868e-32;1.3990796360575447e-31;1.1384074410641142e-20;6.89349737779712e-17;6.889210004560342e-05;4.9925405843101175e-18;8.998785949193057e-15;0.0016682379818021697;3.250851699188042e-11;4.320951700766623e-09;1.788924102408442e-15;0.3419931537443851;0.3798342864346619;8.483926629469948e-06;0.9393835045132911;0.529185083666381;0.0008770270000940161;0.5476411591528894;0.4754140500118964;0.5050896840012032;0.005397378567375861;0.0006509072694151133;1.4163451919071618e-27;0.0004793038473346269;0.006617252641184701;9.964577404590225e-07;4.6962247706433045e-05;1.4629283213625051e-05;0.0005514035505264047;0.0002819289767380798;0.0003747740293347175;0.007808628945372569;;0.49386882418840594;0.0011240152556399336;0.5926022004967753;0.9122848549370451;0.15062101984336293;0.21574514596065317;5.775068257479899e-13;0.000321979703932314;0.0001624238543621267;9.299917408059997e-09;2.0071858677479878e-30;0.6444078847681465;0.5293379093105219;0.16836335896405774;0.9497048585731448;0.9557965033254523;0.1047065308374397;3.450553183110985e-06;2.4576586168796543e-09;3.5480531114150294e-22
FCN-M-PCPDMC (High);1.6158321325479014e-28;1.674805587220842e-17;1.3489118168604326e-33;8.737796030341978e-34;1.0106989716310893e-33;4.684275419706777e-21;3.344345707084685e-17;6.117801267324643e-05;6.410613701008476e-18;1.1753174087082748e-14;0.0024042996345342168;6.558398713879547e-11;8.353543910967368e-09;2.2228126130203656e-15;0.24042670238374614;0.48796166867586643;2.0610812489919232e-06;0.778162781087876;0.39509570111370307;0.00028103502276776284;0.699579637167621;0.6259670327258107;0.3699993417284575;0.0024015704595774156;0.0002501360610999501;1.2266585008785554e-27;0.00019586714056035653;0.0029074864422440286;1.9043206260020724e-07;0.00011823600228831443;1.7171013443608313e-05;0.0006365871266500591;0.0006320970726661476;0.0005142369992734786;0.006726412731522946;0.49386882418840594;;5.15076600516825e-07;0.7513727704464541;0.8834865960896223;0.06857049774564032;0.3090856377288308;3.239683343646151e-13;3.353226818747432e-05;6.148389618612975e-05;3.3581406030287024e-11;1.5747049139254365e-47;0.8187584379578066;0.3494817402337177;0.07609281359177707;0.7650238587444947;0.8397630524637455;0.03720337604093627;1.646490992362268e-06;4.570024047526129e-12;2.420615910116413e-39
FCN-S-PCPDMC (High);2.6870836432560134e-36;3.2897849721127816e-24;1.9344529647588167e-40;9.263464062372916e-41;3.0644242691403207e-40;1.916595563675683e-27;1.3659149312466e-24;5.721860258075638e-10;6.0236207750970335e-24;3.2886213187813558e-21;9.691667585845127e-07;4.0704162613535625e-15;9.893603599115329e-13;9.524827743082411e-20;0.4991802831958332;0.011594476762010593;0.006128616782952508;0.11939490257345937;0.3010500392388061;0.10950773033662205;0.02876946280610801;0.01838649111795153;0.24770747901954046;0.2800488829964365;0.10816898815175173;1.084184904749526e-24;0.08150995709368847;0.3464133250666088;0.0013430620733601351;3.201196003332891e-09;9.90621797395795e-11;9.165293239296431e-09;1.1686944986158635e-07;4.036995610280394e-08;2.881062488807836e-07;0.0011240152556399336;5.15076600516825e-07;;0.014702854666885768;0.025600902277653083;0.4903876207101501;0.002009907785119765;1.766301529109708e-10;0.07767875861962761;0.4645091575288707;0.010890651124165256;3.94138106487516e-42;0.016211174921074264;0.13564241511033756;0.4793351926324101;0.0739401891211252;0.03308547570348021;0.5948561299598716;0.25604003506266676;0.009407710689579754;4.506126097198913e-27
LSTM-L-PCPDMC (Low);5.668741008625529e-29;2.5099808546312765e-16;3.827403547389866e-36;1.8328075014751283e-36;6.535191642334391e-23;6.616983941266388e-22;6.375334675570361e-19;0.0002890958118540339;7.170365311287942e-19;6.265535541856944e-16;0.005091480687053768;6.3418963402822985e-12;5.871038488683339e-09;3.415381374963719e-16;0.07545928539732104;0.6090970134585261;4.180089920729449e-08;0.48510158322072683;0.16228851245227774;7.413511448171504e-06;0.9062488888894212;0.8360153439065321;0.23459194185984192;7.351176079663767e-05;3.3636607884506018e-06;9.998028175147296e-29;3.354348326232024e-06;0.00011134984064338872;2.6530755007262277e-10;1.1170367940289119e-05;6.342085961355317e-06;0.0006029364510055393;0.002063468969320338;0.002464642502614533;0.02094482209511119;0.5926022004967753;0.7513727704464541;0.014702854666885768;;0.3412481271788188;0.00035954568146265997;0.1816732614296631;2.382122588166782e-14;2.2577305230878913e-09;0.000578912179592171;3.6758834294353577e-06;7.445532523495362e-19;0.7285939389475353;0.009725683689859878;0.0011530290409761345;0.22318886044433087;0.320889639753551;0.0014706472193484611;0.0002405297422204199;7.185129085430256e-06;2.9283731384808356e-14
LSTM-M-PCPDMC (Low);3.6896279697155223e-29;1.2417051311481566e-17;2.6635380786519755e-38;9.774200633615708e-39;1.0872501746442519e-24;2.5325101936486096e-23;3.812920103952105e-20;4.961982070120687e-05;4.0505673479081035e-20;6.044535079520038e-17;0.0015889624522384624;1.5340857820767892e-13;2.6955432699565853e-10;6.955650672440473e-18;0.18910518367818574;0.31058692980497243;1.4966074722973975e-07;0.831008154548395;0.34972816100961;3.0948594402379147e-05;0.590505258788361;0.5252731360004731;0.4286806751395462;0.0003388566437955791;1.721376567273013e-05;5.171052288502596e-28;1.3843010879956827e-05;0.0005895508057264109;2.4675894106685706e-09;5.821388301319362e-09;3.036471089120287e-10;1.1885510347991502e-06;4.939117150311591e-05;2.809190054017623e-05;0.0007411109916689545;0.9122848549370451;0.8834865960896223;0.025600902277653083;0.3412481271788188;;1.7163150777036457e-05;0.049363851076026824;1.3349312769270625e-13;2.461326780229476e-13;0.00438844012882763;2.5408835948547985e-05;1.168016212905377e-20;0.38838049071436076;0.013783776650542118;0.0003009586401456655;0.7522123197291746;0.9067154914856748;0.0008605489698221918;0.0010167125637772223;1.952326347833798e-05;2.1144580766995464e-15
LSTM-S-PCPDMC (Low);1.412196877115975e-39;3.448553132476013e-25;2.9916095764986935e-52;7.482205835717987e-52;7.206644533054835e-33;1.0636925854045632e-32;2.3009335621299684e-29;2.4195023642508375e-08;2.304426216863442e-28;1.7510125671408794e-24;5.424356598421922e-06;8.274311135847842e-23;2.821139007174649e-17;1.8789795226882428e-29;0.8115269105573935;0.004072116081017764;2.6523285102489512e-05;0.13641202951503725;0.4579663096700918;0.0028054568233861874;0.045567544987415845;0.033675731695812616;0.5063278250383338;0.03169197046522508;0.0032909876161845335;1.389126415351442e-26;0.0025343155637957784;0.04509655195237856;5.104570371217963e-07;5.45342425359175e-16;3.0505054712401787e-18;1.6014963810797547e-15;1.6272063993236631e-09;2.3925726322937293e-10;5.146365840760399e-10;0.15062101984336293;0.06857049774564032;0.4903876207101501;0.00035954568146265997;1.7163150777036457e-05;;4.218271525979547e-05;6.856927864334654e-12;3.728468435703969e-07;0.198650851994482;0.009343709224644314;1.3278003210704028e-16;0.00017902164715284338;0.015309167395789046;0.9414623343992903;0.02482994204222681;0.002181468470883461;0.7059483249470988;0.09072307472417848;0.007881815768250477;3.184801078239236e-11
LSTM-L-PCPDMC (Medium);3.756649116795436e-26;4.5666850237085735e-14;1.441903119397107e-32;8.324027184743014e-35;1.5088392369799432e-20;3.8108435972701126e-19;1.210838796003168e-16;0.0029021656199001173;1.2733276678310974e-16;6.259013410795625e-14;0.028229645334882966;4.261399590228245e-09;8.002690474277407e-07;3.4151606380062614e-13;0.01565770056942554;0.8312112177724322;1.4206333727042637e-09;0.15977742803665604;0.03419402222827684;3.2739335898085576e-07;0.6093258645161437;0.6694136863045321;0.06421838881955114;3.1166584799140036e-06;9.022997418643447e-08;1.681083386991259e-29;7.953782645267595e-08;3.603637667857388e-06;1.6107360265500605e-12;0.002035214196698329;0.0009505674585428541;0.019297125601252033;0.011101660548320527;0.013925714194174285;0.12644884041365465;0.21574514596065317;0.3090856377288308;0.002009907785119765;0.1816732614296631;0.049363851076026824;4.218271525979547e-05;;1.607501489985657e-15;2.7169024229205787e-14;3.4042916739862316e-05;1.0236526758175968e-07;1.2127102881029506e-21;0.10867972381521387;0.0018779981303289064;0.00017707330520362483;0.001070676173189563;0.005186488908263564;2.8543862759314678e-06;6.682509211285996e-06;1.0858279491619211e-07;1.9899961297508613e-16
LSTM-M-PCPDMC (Medium);2.2408624753710393e-27;5.601362110792014e-23;6.381545636342017e-29;1.8079452439956159e-29;2.2078576628194037e-25;4.85278768053182e-25;5.945513551174696e-24;2.1411637711383718e-16;4.353677369847665e-24;3.9183494996325993e-23;3.20688793443147e-15;8.597432658552081e-21;1.5164122181038008e-19;2.2419049488681737e-22;4.244757383579282e-11;3.480288025072671e-13;3.401769201608321e-07;3.4567038102872492e-12;2.1602385583078375e-11;2.023365342846717e-08;1.0440905813954087e-12;7.309376445726466e-13;2.4276873541535602e-11;4.697652327702845e-09;1.6046240298467376e-08;1.4228767901931094e-14;3.2999593639742145e-08;3.4891583408170377e-09;7.454612086216906e-07;2.175294822574165e-18;7.989903602764724e-19;2.0321629391298423e-17;2.1035173508791944e-18;2.401645779932569e-18;1.2745444719623818e-16;5.775068257479899e-13;3.239683343646151e-13;1.766301529109708e-10;2.382122588166782e-14;1.3349312769270625e-13;6.856927864334654e-12;1.607501489985657e-15;;1.0483819399618788e-09;3.340561588841205e-10;4.166299097020669e-09;7.824096407677102e-05;2.5369773735347188e-14;4.910447463231549e-13;4.09969450500109e-12;3.9786326204812965e-14;5.866628487079836e-14;6.342789528461574e-12;4.650488343089974e-10;3.966151173884963e-09;4.099620068253312e-06
LSTM-S-PCPDMC (Medium);1.641953870486914e-43;2.1129891443022455e-29;8.380064249582569e-55;1.4046538737015104e-57;1.3848082901946309e-38;2.4881387623683274e-35;5.841125804081321e-34;2.933973210496617e-13;2.7192894180437525e-32;1.0251619488439517e-29;6.426196536652445e-10;2.4558897704546143e-26;1.175817090825935e-21;6.175069999479027e-33;0.012835833235396303;2.230162815014718e-06;0.1417171526025932;0.00040272542815100607;0.0025936081679007903;0.8848904900796073;0.00018922981984779798;0.0001024039998797757;0.006723011745393473;0.719325371172594;0.8463566539578056;1.1029779983568336e-23;0.6917210340860738;0.565093403864085;0.040891362054249265;3.0947920941137085e-22;1.3223695433414406e-26;6.239025189499796e-24;7.45255244394591e-21;4.204214649770282e-23;3.3370892457908245e-26;0.000321979703932314;3.353226818747432e-05;0.07767875861962761;2.2577305230878913e-09;2.461326780229476e-13;3.728468435703969e-07;2.7169024229205787e-14;1.0483819399618788e-09;;0.26088750279459927;0.9769715729546393;1.8563684437379225e-08;3.688638381520866e-10;3.738102650610867e-09;5.716265682713384e-06;3.851317361826319e-11;1.903113228130178e-17;1.391397736711219e-07;0.38531948935504456;0.9757520935255215;0.00022093786661261757
LSTM-L-PCPDMC (High);1.6310020197545653e-40;3.3028853457871906e-27;1.624655990154123e-44;1.1557167546398979e-44;2.391343291909612e-46;3.8136099509247647e-31;9.48020274809781e-27;7.479372070444997e-10;9.30114777653191e-28;1.314458399895387e-23;2.5586435565497536e-07;3.024835222360585e-17;1.1704000194631488e-14;2.9957202213060487e-22;0.23327942462119128;0.002037480237695363;0.02286811660321906;0.03358378058866067;0.10981317978074046;0.26948512904591015;0.010706771243220505;0.006920789753589633;0.12346188241180817;0.5402255715643004;0.2573956449553336;7.468269488586604e-25;0.2027621039892067;0.6434464391723229;0.006875162899817183;4.432249443167109e-09;7.462026869177323e-10;3.259863818653424e-08;3.327439951410393e-08;5.470354007351631e-08;1.6832982053687888e-06;0.0001624238543621267;6.148389618612975e-05;0.4645091575288707;0.000578912179592171;0.00438844012882763;0.198650851994482;3.4042916739862316e-05;3.340561588841205e-10;0.26088750279459927;;0.0015065678707288602;7.099575319562086e-20;0.0007144892151699754;0.03307025291549412;0.2023256991398183;0.00637395418674349;0.003013619991553565;0.263886923779744;0.3866077219862578;0.006883764073286379;4.534594020813664e-12
LSTM-M-PCPDMC (High);1.2591263120600204e-49;3.551827859461588e-34;4.503556356686454e-56;1.7375033686479956e-56;1.345010247263576e-61;1.8132195817429158e-39;3.5259206776614827e-34;1.1538987512898164e-13;2.0236996587600766e-35;2.21626693138225e-30;4.0190346222014763e-10;1.8365096382710858e-22;2.1314074423460898e-19;1.186777899755971e-28;0.032266535324502375;3.704111015615798e-05;0.17321669097038558;0.0018493083681110991;0.009347110198703023;0.8803354097742557;0.0005123281364606633;0.0002576221063431299;0.011756318326588137;0.7636209375241703;0.8448624278936084;1.0028245029645477e-23;0.7056929163454655;0.617697905735533;0.06857483606286857;8.067888494163945e-13;6.854093221312687e-14;4.7067024173081124e-12;2.1958107614184894e-11;2.2725856339987492e-11;8.780867589135067e-10;9.299917408059997e-09;3.3581406030287024e-11;0.010890651124165256;3.6758834294353577e-06;2.5408835948547985e-05;0.009343709224644314;1.0236526758175968e-07;4.166299097020669e-09;0.9769715729546393;0.0015065678707288602;;3.0968973658467294e-21;3.5736777645553643e-06;0.0004936559762716991;0.011605999275119818;9.663046923258513e-05;1.5574119397070535e-05;0.015222196026731725;0.02651042786431665;0.9971171406038339;3.3417577084582037e-12
LSTM-S-PCPDMC (High);4.891965481926216e-69;1.0312919777846872e-52;1.4420352501458705e-76;2.879514778119382e-77;8.93044243250392e-83;2.058620665528142e-56;3.2550389411292995e-54;3.1149865400428263e-31;7.414925771856362e-52;1.5428417599738394e-48;1.6601305976000313e-23;1.6734232969115433e-39;2.676580642896897e-35;1.6396658728409165e-47;1.1892830014272695e-09;6.986093233940734e-16;0.002017643832574049;2.6544904608668755e-12;1.8640764975237565e-11;1.3780495931877933e-05;1.3127019019780683e-12;1.4096689438577936e-13;3.2072185278464964e-11;1.4909059037503595e-05;7.124822956470712e-05;2.515766082519176e-18;0.0002585245705246532;3.4695510985927774e-06;0.012577693771143674;2.1950364759276182e-31;3.0126974366628313e-35;5.450569942140317e-34;2.073738768710684e-28;1.5542197031821462e-30;1.211642511938492e-34;2.0071858677479878e-30;1.5747049139254365e-47;3.94138106487516e-42;7.445532523495362e-19;1.168016212905377e-20;1.3278003210704028e-16;1.2127102881029506e-21;7.824096407677102e-05;1.8563684437379225e-08;7.099575319562086e-20;3.0968973658467294e-21;;2.642688901680669e-19;1.892747175268873e-18;9.902622380949301e-16;4.047983518939259e-16;1.1087719694254e-20;1.870275924543037e-16;3.238778957669845e-20;2.6979816285765494e-24;1.011019396132998e-05
GRU-L-PCPDMC (Low);1.3336410725123687e-30;6.666067320923807e-18;8.70948902763268e-39;2.281577193535348e-39;3.2173926175434757e-24;2.1327882165659216e-23;3.3687962589344266e-20;0.00016327982749712094;2.934071618149323e-20;4.144548396065414e-17;0.003722022154219198;4.756746870523608e-13;8.466967863884872e-10;6.936337781507502e-18;0.07626170883624683;0.5166219051153088;1.2952275097264933e-08;0.5258544833399597;0.1641251722439877;2.890647355974208e-06;0.8271959769131314;0.753799156381378;0.24067053784051784;2.762132686323408e-05;1.084215615319566e-06;6.167106385893527e-29;8.970966372675426e-07;5.982165707689118e-05;2.1823648652920532e-11;1.2657124094728259e-06;8.994895104476775e-07;0.00015064215438241667;0.0008506525528425494;0.000916192031904158;0.011013047568348828;0.6444078847681465;0.8187584379578066;0.016211174921074264;0.7285939389475353;0.38838049071436076;0.00017902164715284338;0.10867972381521387;2.5369773735347188e-14;3.688638381520866e-10;0.0007144892151699754;3.5736777645553643e-06;2.642688901680669e-19;;0.011398627319657507;0.0016607324443615843;0.2711426919046674;0.3874725316287283;0.0013618035570268714;0.00022096283303186726;5.552402294265783e-06;3.07606920572433e-14
GRU-M-PCPDMC (Low);1.9899597248926828e-33;1.3482815509353093e-20;3.1281089952591485e-46;1.554475244595123e-46;8.565641793101112e-29;7.706500479274732e-28;1.2067985605622484e-24;2.307840129365043e-06;3.159278484607534e-24;6.77911737066769e-21;0.00013390559931637046;1.1673318589689052e-16;8.118975818448417e-13;1.8931575148142867e-21;0.5636564120087485;0.07622470407955809;4.600004795651428e-06;0.5893176084800389;0.8743011868699725;0.000492988967220916;0.23860773968445576;0.1992352516848505;0.907843683599606;0.00617619579601837;0.0005282289891243215;2.4242346564473995e-27;0.00042064326615572024;0.008452602250877411;1.93788835332213e-07;2.322675451167864e-13;2.6344582314794622e-15;1.465345922880729e-10;3.0894963774994257e-07;1.0887702818533161e-07;4.15474086601218e-06;0.5293379093105219;0.3494817402337177;0.13564241511033756;0.009725683689859878;0.013783776650542118;0.015309167395789046;0.0018779981303289064;4.910447463231549e-13;3.738102650610867e-09;0.03307025291549412;0.0004936559762716991;1.892747175268873e-18;0.011398627319657507;;0.008370640195869205;0.3386507034783366;0.12694114133290693;0.03582472180614077;0.009675526421121556;0.00041532246387923627;2.6865073244251817e-13
GRU-S-PCPDMC (Low);4.967425310589006e-35;2.8086876241925907e-22;1.8505282551042854e-50;3.1084385886524394e-50;7.655841600093922e-32;1.5468057964608731e-30;2.637190829423181e-27;6.629172991389818e-08;1.3180999874378058e-26;4.129314789211693e-23;8.933031396681188e-06;9.738879093602225e-19;1.685375912395697e-14;3.343034823162134e-23;0.8544222856727388;0.014029393849618986;0.0001944957872301799;0.20117854206985394;0.5435706089439771;0.009667395472878438;0.0755284588261789;0.05876315814906517;0.5681757953670429;0.059653892658034974;0.010050532304811434;2.448316440346396e-26;0.008162899634930214;0.07712677951907922;2.056118753312556e-05;3.052850668948483e-16;8.048654622063112e-21;8.541682755521893e-15;3.4581600348541735e-10;4.248599286645484e-11;1.1765507598612319e-09;0.16836335896405774;0.07609281359177707;0.4793351926324101;0.0011530290409761345;0.0003009586401456655;0.9414623343992903;0.00017707330520362483;4.09969450500109e-12;5.716265682713384e-06;0.2023256991398183;0.011605999275119818;9.902622380949301e-16;0.0016607324443615843;0.008370640195869205;;0.04806605109811772;0.003498669505130674;0.6321334344068874;0.09700469908275838;0.00947296427455109;3.025647207987235e-11
GRU-L-PCPDMC (Medium);8.15102842473205e-29;1.008503014106329e-16;1.8097532583730113e-35;6.6721412437326695e-37;1.547403791871274e-23;4.1478334624229253e-22;1.5542435099613887e-19;5.439393124947467e-05;1.1085532015747418e-19;8.076907175288914e-17;0.0012848227842189224;8.419233154840002e-13;7.777124622089135e-10;4.3180807653555506e-17;0.26765578889282604;0.2551624554695106;1.805465188914977e-06;0.9787393719043476;0.47549774082241814;0.00016053687149971744;0.5005925238393876;0.4428360077361979;0.5539957711896226;0.0012971169348300884;8.336537514977519e-05;4.4899614617318145e-28;6.616789994843945e-05;0.0018527319611062012;2.506287528393836e-08;2.757448346880979e-06;7.81201563475137e-07;7.364475978965369e-05;1.5332235512748682e-05;2.397504994638225e-05;0.0017029139882382034;0.9497048585731448;0.7650238587444947;0.0739401891211252;0.22318886044433087;0.7522123197291746;0.02482994204222681;0.001070676173189563;3.9786326204812965e-14;3.851317361826319e-11;0.00637395418674349;9.663046923258513e-05;4.047983518939259e-16;0.2711426919046674;0.3386507034783366;0.04806605109811772;;0.7111339945726365;0.009081565579812009;0.0022580637792565484;0.00013741104121794157;1.0648478875962389e-11
GRU-M-PCPDMC (Medium);1.0195439907042264e-31;4.1594770762532955e-18;9.060519261256493e-42;6.255343854075355e-44;7.846661220912616e-27;3.345812742726438e-25;1.4612700873691922e-22;2.4687368394693294e-05;6.508621809884484e-22;8.551293580491885e-19;0.0009439695389288161;4.312289408500769e-13;4.80351492849103e-10;7.424180839286312e-18;0.21255954835370758;0.29242578241466394;3.67857916977715e-07;0.8778219587009647;0.3914983706292987;4.563647832229658e-05;0.5641200648787679;0.49804949260970255;0.4692483566003689;0.0007815077973790084;3.553404497848954e-05;7.230753357542028e-28;3.298897619615577e-05;0.0009591548520164733;5.40434315292154e-09;3.323975352019211e-07;3.110168589493662e-08;1.0230891683796267e-05;6.347615644302765e-06;3.725826103295535e-06;0.0003162650204594924;0.9557965033254523;0.8397630524637455;0.03308547570348021;0.320889639753551;0.9067154914856748;0.002181468470883461;0.005186488908263564;5.866628487079836e-14;1.903113228130178e-17;0.003013619991553565;1.5574119397070535e-05;1.1087719694254e-20;0.3874725316287283;0.12694114133290693;0.003498669505130674;0.7111339945726365;;9.26538539491177e-05;0.0007211887944381451;1.537220986308177e-05;5.3803819077921745e-15
GRU-S-PCPDMC (Medium);1.0890110458208773e-38;2.4263122072627245e-24;6.0349681554717355e-56;5.372434595859243e-58;1.1041689491369121e-35;2.117506788470941e-33;1.1872898111181239e-30;3.2593361756852803e-09;1.4442498936814796e-29;6.128807412445879e-26;1.6022526409467864e-06;4.824132065896133e-20;1.6652659725925796e-15;2.6039817179414797e-25;0.7138940486059343;0.008667697931075613;0.00029433246757712254;0.13961588952610107;0.41961610941964056;0.013608182203341748;0.05190310354971666;0.0392402448319768;0.45174418781560843;0.08467570490176127;0.017421154621926702;5.99055816312323e-26;0.01269104012515684;0.11079207283961567;3.0912204568669484e-05;7.537981832400881e-14;3.963603608662892e-18;4.2657293125479617e-14;9.259524980151241e-14;1.6186464504421315e-15;1.798903930663135e-13;0.1047065308374397;0.03720337604093627;0.5948561299598716;0.0014706472193484611;0.0008605489698221918;0.7059483249470988;2.8543862759314678e-06;6.342789528461574e-12;1.391397736711219e-07;0.263886923779744;0.015222196026731725;1.870275924543037e-16;0.0013618035570268714;0.03582472180614077;0.6321334344068874;0.009081565579812009;9.26538539491177e-05;;0.13344567885616723;0.013810230611824344;1.825026885345477e-11
GRU-L-PCPDMC (High);1.184996572131899e-42;2.2650294198188356e-28;1.92420592702253e-48;1.0768871354048995e-48;3.832331954162453e-47;2.3151679207479637e-33;7.898974244011698e-29;1.777811418001825e-10;9.324961680806699e-30;1.7059786797636715e-25;5.5085369681185413e-08;2.62575997843808e-19;2.0104329801314347e-16;8.381801147125925e-25;0.1455558030858887;0.0006644719425351824;0.0391950042350586;0.015963415774524117;0.06066244234348238;0.38328945299548134;0.004594154878926873;0.0027572166212349457;0.07146983918331695;0.7033783082045253;0.36916779235529384;6.588291019280616e-25;0.2923646371589504;0.8298089323767264;0.012731991219234661;1.1499843887297482e-10;1.3054769771334179e-11;9.277021650995535e-10;1.2895689514543452e-09;1.8273810763840912e-09;1.1349302710367449e-07;3.450553183110985e-06;1.646490992362268e-06;0.25604003506266676;0.0002405297422204199;0.0010167125637772223;0.09072307472417848;6.682509211285996e-06;4.650488343089974e-10;0.38531948935504456;0.3866077219862578;0.02651042786431665;3.238778957669845e-20;0.00022096283303186726;0.009675526421121556;0.09700469908275838;0.0022580637792565484;0.0007211887944381451;0.13344567885616723;;0.021424651518695843;2.354541489360881e-12
GRU-M-PCPDMC (High);1.0539449099077803e-47;3.2683722805674436e-33;1.2594853810602272e-53;3.973854514686437e-54;4.765924478230426e-56;8.946719677881032e-38;3.394153787570737e-33;2.3202325501627907e-13;1.269630976797075e-33;2.2590348595749938e-29;5.960936322581209e-10;1.1693109818451822e-21;1.3213844874344621e-18;1.1142542841222066e-27;0.031494002672938747;3.686697251777759e-05;0.17299166050368806;0.0018787041721041841;0.009054189990469589;0.8800044994171804;0.0005821676681150147;0.0002891271077588481;0.011990012568784776;0.7648108842587487;0.8449506323467901;7.489456232090221e-24;0.7052085998104678;0.6180459774912685;0.06596826318321786;1.070249287143904e-12;3.527179431593886e-14;2.8094134017690116e-12;2.5921474205861044e-11;1.6223834536160905e-11;5.257563950099643e-10;2.4576586168796543e-09;4.570024047526129e-12;0.009407710689579754;7.185129085430256e-06;1.952326347833798e-05;0.007881815768250477;1.0858279491619211e-07;3.966151173884963e-09;0.9757520935255215;0.006883764073286379;0.9971171406038339;2.6979816285765494e-24;5.552402294265783e-06;0.00041532246387923627;0.00947296427455109;0.00013741104121794157;1.537220986308177e-05;0.013810230611824344;0.021424651518695843;;1.3045021423177722e-13
GRU-S-PCPDMC (High);1.4780528324706667e-63;4.862308224428342e-48;1.3213779415411772e-73;3.5799549048204316e-74;3.5650041157033536e-78;2.9285538639826686e-53;1.0683915025613683e-48;2.9493507027688633e-26;5.76176807194943e-48;2.170614439526464e-43;1.807438386716787e-19;7.855443801659143e-34;1.0554901321232602e-29;7.476126361980013e-41;1.4279574085805445e-06;1.2808074937518388e-11;0.1020465615515831;7.781557089127192e-09;9.206353675663551e-08;0.00430002792568291;6.679522731973011e-09;1.453552833651462e-09;2.2991287126391615e-07;0.0023477309792100842;0.008264432491352993;5.948468479976581e-20;0.01787485255996019;0.0008520956560188933;0.2845874506799731;9.859455692080413e-25;1.8756025034505886e-28;7.804516063397336e-26;9.923376999507787e-23;7.124956189441783e-24;2.2821938838880586e-24;3.5480531114150294e-22;2.420615910116413e-39;4.506126097198913e-27;2.9283731384808356e-14;2.1144580766995464e-15;3.184801078239236e-11;1.9899961297508613e-16;4.099620068253312e-06;0.00022093786661261757;4.534594020813664e-12;3.3417577084582037e-12;1.011019396132998e-05;3.07606920572433e-14;2.6865073244251817e-13;3.025647207987235e-11;1.0648478875962389e-11;5.3803819077921745e-15;1.825026885345477e-11;2.354541489360881e-12;1.3045021423177722e-13;
